        {
    "client": "Thunder Client",
    "collectionName": "devcamp-2687365",
    "dateExported": "2023-10-23T16:30:26.191Z",
    "version": "1.1",
    "folders": [
        {
            "_id": "6282d19d-20bd-4e05-85bc-3d5454160051",
            "name": "bootcamps",
            "containerId": "",
            "created": "2023-10-23T15:35:25.774Z",
            "sortNum": 10000
        },
        {
            "_id": "c23c6a3c-5007-419f-8fa7-c195ae15b8bb",
            "name": "courses",
            "containerId": "",
            "created": "2023-10-23T16:00:31.045Z",
            "sortNum": 20000
        }
    ],
    "requests": [
        {
            "_id": "0f2a68ee-ee86-44bb-a76b-3287775a2d06",
            "colId": "dacd0f25-e534-44bd-b3bb-ab7804fdaeea",
            "containerId": "6282d19d-20bd-4e05-85bc-3d5454160051",
            "name": "Consultar todos los bootcamps",
            "url": "http://127.0.0.1:5000/bootcamps",
            "method": "GET",
            "sortNum": 10000,
            "created": "2023-10-23T15:36:15.261Z",
            "modified": "2023-10-23T15:37:45.190Z",
            "headers": [],
            "params": [],
            "tests": []
        },
        {
            "_id": "cfafa6da-faa4-4a2e-9948-850e56119019",
            "colId": "dacd0f25-e534-44bd-b3bb-ab7804fdaeea",
            "containerId": "6282d19d-20bd-4e05-85bc-3d5454160051",
            "name": "Crear bootcamp",
            "url": "http://127.0.0.1:5000/bootcamps",
            "method": "POST",
            "sortNum": 15000,
            "created": "2023-10-23T15:51:28.211Z",
            "modified": "2023-10-23T15:52:00.331Z",
            "headers": [],
            "params": [],
            "tests": []
        },
        {
            "_id": "02d792f5-70a6-4c3b-a336-bad656f6bd27",
            "colId": "dacd0f25-e534-44bd-b3bb-ab7804fdaeea",
            "containerId": "6282d19d-20bd-4e05-85bc-3d5454160051",
            "name": "Consultar bootcamp por id",
            "url": "http://127.0.0.1:5000/bootcamps/1",
            "method": "GET",
            "sortNum": 20000,
            "created": "2023-10-23T15:45:52.380Z",
            "modified": "2023-10-23T15:46:17.012Z",
            "headers": [],
            "params": [],
            "tests": []
        },
        {
            "_id": "3fbc379c-00c4-43bc-8a0f-9edb481ec195",
            "colId": "dacd0f25-e534-44bd-b3bb-ab7804fdaeea",
            "containerId": "6282d19d-20bd-4e05-85bc-3d5454160051",
            "name": "Editar bootcamp por id",
            "url": "http://127.0.0.1:5000/bootcamps/1",
            "method": "PUT",
            "sortNum": 30000,
            "created": "2023-10-23T15:54:30.899Z",
            "modified": "2023-10-23T15:54:45.317Z",
            "headers": [],
            "params": [],
            "tests": []
        },
        {
            "_id": "40cd2cf3-fd01-402c-8699-6baa8f9924c7",
            "colId": "dacd0f25-e534-44bd-b3bb-ab7804fdaeea",
            "containerId": "6282d19d-20bd-4e05-85bc-3d5454160051",
            "name": "Eliminar bootcamp por id",
            "url": "http://127.0.0.1:5000/bootcamps/1",
            "method": "DELETE",
            "sortNum": 40000,
            "created": "2023-10-23T15:57:57.803Z",
            "modified": "2023-10-23T15:58:12.106Z",
            "headers": [],
            "params": [],
            "tests": []
        },
        {
            "_id": "8ef2c4ad-205f-490d-9b84-0efe6bfea9c4",
            "colId": "dacd0f25-e534-44bd-b3bb-ab7804fdaeea",
            "containerId": "c23c6a3c-5007-419f-8fa7-c195ae15b8bb",
            "name": "Consultar todos los cursos",
            "url": "http://127.0.0.1:5000/courses",
            "method": "GET",
            "sortNum": 50000,
            "created": "2023-10-23T16:01:06.245Z",
            "modified": "2023-10-23T16:02:54.209Z",
            "headers": [],
            "params": [],
            "tests": []
        },
        {
            "_id": "7bd5efdf-7d6a-41ab-9a2f-f3958c346de0",
            "colId": "dacd0f25-e534-44bd-b3bb-ab7804fdaeea",
            "containerId": "c23c6a3c-5007-419f-8fa7-c195ae15b8bb",
            "name": "Crear curso",
            "url": "http://127.0.0.1:5000/courses",
            "method": "POST",
            "sortNum": 60000,
            "created": "2023-10-23T16:26:48.568Z",
            "modified": "2023-10-23T16:27:26.002Z",
            "headers": [],
            "params": [],
            "tests": []
        },
        {
            "_id": "eecf99c3-3b8e-459d-a494-27daa807966c",
            "colId": "dacd0f25-e534-44bd-b3bb-ab7804fdaeea",
            "containerId": "c23c6a3c-5007-419f-8fa7-c195ae15b8bb",
            "name": "Consultar bootcamp por id",
            "url": "http://127.0.0.1:5000/courses/1",
            "method": "GET",
            "sortNum": 70000,
            "created": "2023-10-23T16:28:02.247Z",
            "modified": "2023-10-23T16:28:09.359Z",
            "headers": [],
            "params": [],
            "tests": []
        },
        {
            "_id": "d2d9ee7d-111c-426d-99fa-a368754e2f1a",
            "colId": "dacd0f25-e534-44bd-b3bb-ab7804fdaeea",
            "containerId": "c23c6a3c-5007-419f-8fa7-c195ae15b8bb",
            "name": "Editar bootcamp por id",
            "url": "http://127.0.0.1:5000/courses/1",
            "method": "PUT",
            "sortNum": 80000,
            "created": "2023-10-23T16:29:19.735Z",
            "modified": "2023-10-23T16:29:27.608Z",
            "headers": [],
            "params": [],
            "tests": []
        },
        {
            "_id": "d8c8f1f6-72f1-444a-93d3-daf778507f30",
            "colId": "dacd0f25-e534-44bd-b3bb-ab7804fdaeea",
            "containerId": "c23c6a3c-5007-419f-8fa7-c195ae15b8bb",
            "name": "Eliminar bootcamp por id",
            "url": "http://127.0.0.1:5000/courses/1",
            "method": "DELETE",
            "sortNum": 90000,
            "created": "2023-10-23T16:29:48.679Z",
            "modified": "2023-10-23T16:30:16.048Z",
            "headers": [],
            "params": [],
            "tests": []
        }
    ]
}